"[((4.1, 48.4), 0.0), ('f2_pat.0', (55.625098931156295, 51.6), 0.5028631081842744, 2.4650746327767745, 2.6), ('f3_agg.0', (51.6, 59.415494064161265), 11.061382606245113, -0.2452078513801048, 2.6), ('f3_agg.1', (51.6, 7.0707915057973825), 3.3616457471997183, 2.4949348547263073, 2.6), ('f4_pat.0', (48.4, 27.349060695850355), 9.665911279595877, -0.4422512128716427, 2.6)]",-1.2191770447907628,0
"[((4.1, 48.4), 0.0), ('f2_pat.0', (55.5516892682518, 51.6), 0.7340966290449232, 2.3123352086064886, 2.6), ('f3_agg.0', (51.6, 60.52531773713751), 11.098236729762517, 0.36854123517404247, 2.6), ('f3_agg.1', (51.6, 7.426253874710617), 3.554623689132341, 1.9297794193262252, 2.6), ('f4_pat.0', (48.4, 26.372641296897804), 9.764193989525504, 0.9828270992962729, 2.6)]",-2.3673560963022657,0
"[((4.1, 48.4), 0.0), ('f2_pat.0', (55.45465614833225, 51.6), 0.9703311991955333, 2.362345701506101, 2.6), ('f3_agg.0', (51.6, 61.62457430258509), 10.992565654475708, -1.0567107528680886, 2.6), ('f3_agg.1', (51.6, 7.799218329458361), 3.7296445474774287, 1.7502085834508785, 2.6), ('f4_pat.0', (48.4, 25.40076449410406), 9.71876802793746, -0.4542596158804457, 2.6)]",-1.255468209853525,0
"[((4.1, 48.4), 0.0), ('f2_pat.0', (55.334409567647626, 51.6), 1.2024658068462586, 2.321346076507252, 2.6), ('f3_agg.0', (51.6, 62.7291133396394), 11.045390370543116, 0.5282471606740735, 2.6), ('f3_agg.1', (51.6, 8.19576789211073), 3.9654956265236896, 2.358510790462609, 2.6), ('f4_pat.0', (48.4, 24.425989612483125), 9.747748816209334, 0.28980788271875113, 2.6)]",2.450069086459922,0
"[((4.122273355331454, 48.4), 0.22273355331453837), ('f2_pat.0', (55.19396288563131, 51.6), 1.4044668201631354, 2.020010133168768, 2.6), ('f3_agg.0', (51.6, 63.83015695435674), 11.010436147173401, -0.34954223369714654, 2.6), ('f3_agg.1', (51.6, 8.60672696848504), 4.1095907637431, 1.4409513721941014, 2.6), ('f4_pat.0', (48.4, 23.459218007067115), 9.667716054160103, -0.8003276204923182, 2.6)]",0.3682962423989551,0
"[((4.14789485832108, 48.4), 0.25621502989626155), ('f2_pat.0', (55.02782534698842, 51.6), 1.6613753864288976, 2.569085662657622, 2.6), ('f3_agg.0', (51.6, 64.94028751243994), 11.101305580832065, 0.9086943365866418, 2.6), ('f3_agg.1', (51.6, 9.036277402901206), 4.295504344161664, 1.859135804185641, 2.6), ('f4_pat.0', (48.4, 22.48505251542278), 9.74165491644335, 0.7393886228324753, 2.6)]",-2.808492184925294,0
"[((4.171187133766194, 48.4), 0.23292275445114685), ('f2_pat.0', (54.839401603205786, 51.6), 1.8842374378263458, 2.228620513974482, 2.6), ('f3_agg.0', (51.6, 66.04127432809034), 11.009868156503886, -0.9143742432817881, 2.6), ('f3_agg.1', (51.6, 9.49123556283827), 4.54958159937064, 2.540772552089763, 2.6), ('f4_pat.0', (48.4, 21.51351957011134), 9.715329453114375, -0.2632546332897512, 2.6)]",-2.465077661144014,0
"[((4.192361929625389, 48.4), 0.2117479585919517), ('f2_pat.0', (54.626732355628654, 51.6), 2.126692475771291, 2.4245503794494527, 2.6), ('f3_agg.0', (51.6, 67.14285212238084), 11.015777942905203, 0.059097864013164525, 2.6), ('f3_agg.1', (51.6, 9.964511357304069), 4.732757944657997, 1.831763452873565, 2.6), ('f4_pat.0', (48.4, 20.54359259652626), 9.699269735850814, -0.16059717263560813, 2.6)]",2.909365536587254,0
"[((4.239985503089923, 48.4), 0.4762357346453384), ('f2_pat.0', (54.397362666719964, 51.6), 2.293696889086887, 1.670044133155959, 2.6), ('f3_agg.0', (51.6, 68.24502267697582), 11.02170554594975, 0.05927603044547425, 2.6), ('f3_agg.1', (51.6, 10.461215745628945), 4.967043883248762, 2.3428593859076496, 2.6), ('f4_pat.0', (48.4, 19.576582042274723), 9.670105542515358, -0.29164193335455835, 2.6)]",-0.8047519910179894,0
"[((4.283279660784954, 48.4), 0.43294157695030766), ('f2_pat.0', (54.144681046651236, 51.6), 2.5268162006873167, 2.3311931160042976, 2.6), ('f3_agg.0', (51.6, 69.34932879453761), 11.043061175617856, 0.2135562966810589, 2.6), ('f3_agg.1', (51.6, 10.978338383584422), 5.171226379554782, 2.041824963060206, 2.6), ('f4_pat.0', (48.4, 18.60118154707124), 9.754004952034867, 0.8389940951950869, 2.6)]",0.8178257048044886,0
"[((4.334008597614571, 48.4), 0.5072893682961702), ('f2_pat.0', (53.871368781271066, 51.6), 2.7331226538016926, 2.063064531143759, 2.6), ('f3_agg.0', (51.6, 70.45062456557963), 11.012957710420247, -0.3010346519760887, 2.6), ('f3_agg.1', (51.6, 11.516037992139491), 5.376996085550699, 2.0576970599591693, 2.6), ('f4_pat.0', (48.4, 17.626608401985248), 9.745731450859877, -0.08273501174990372, 2.6)]",-0.7545662763449483,0
"[((4.380125812914223, 48.4), 0.46117215299651837), ('f2_pat.0', (53.57903184230582, 51.6), 2.9233693896525077, 1.9024673585081509, 2.6), ('f3_agg.0', (51.6, 71.55550886020421), 11.048842946245802, 0.3588523582555503, 2.6), ('f3_agg.1', (51.6, 12.0673246660567), 5.512866739172086, 1.3587065362138695, 2.6), ('f4_pat.0', (48.4, 16.65421803671897), 9.72390365266283, -0.21827798197046278, 2.6)]",0.8117040862477811,0
"[((4.433622156270673, 48.4), 0.5349634335644985), ('f2_pat.0', (53.270586649089026, 51.6), 3.084451932167868, 1.6108254251536014, 2.6), ('f3_agg.0', (51.6, 72.66072020029253), 11.052113400883043, 0.03270454637240405, 2.6), ('f3_agg.1', (51.6, 12.634860266211135), 5.675356001544341, 1.6248926237225536, 2.6), ('f4_pat.0', (48.4, 15.688267336059152), 9.659507006598124, -0.6439664606470608, 2.6)]",-0.8792537601763621,0
"[((4.482255195685627, 48.4), 0.4863303941495441), ('f2_pat.0', (52.93764326066875, 51.6), 3.3294338842027362, 2.449819520348684, 2.6), ('f3_agg.0', (51.6, 73.7615090282521), 11.007888279595878, -0.4422512128716427, 2.6), ('f3_agg.1', (51.6, 13.22561101625457), 5.907507500434358, 2.321514988900164, 2.6), ('f4_pat.0', (48.4, 14.715767009102958), 9.725003269561986, 0.654962629638618, 2.6)]",-2.274513696189142,0
"[((4.526467049699222, 48.4), 0.4421185401359492), ('f2_pat.0', (52.581029027162494, 51.6), 3.5661423350626147, 2.3670845085987846, 2.6), ('f3_agg.0', (51.6, 74.87212612720467), 11.106170989525506, 0.9828270992962729, 2.6), ('f3_agg.1', (51.6, 13.83873153781675), 6.131205215621803, 2.2369771518744486, 2.6), ('f4_pat.0', (48.4, 13.750349617857193), 9.65417391245761, -0.708293571043761, 2.6)]",2.61426749529166,0
"[((4.594444971851832, 48.4), 0.6797792215261002), ('f2_pat.0', (52.20292672838995, 51.6), 3.7810229877254473, 2.1488065266283263, 2.6), ('f3_agg.0', (51.6, 75.97820062999841), 11.060745027937461, -0.4542596158804457, 2.6), ('f3_agg.1', (51.6, 14.470139991399543), 6.314084535827923, 1.8287932020612008, 2.6), ('f4_pat.0', (48.4, 12.781138312197886), 9.692113056593064, 0.3793914413545352, 2.6)]",1.8249093400963927,0
"[((4.679012978914409, 48.4), 0.8456800706257722), ('f2_pat.0', (51.809776028957586, 51.6), 3.9315069943235734, 1.504840065981261, 2.6), ('f3_agg.0', (51.6, 77.08717321161933), 11.089725816209336, 0.28980788271875113, 2.6), ('f3_agg.1', (51.6, 15.11741699699191), 6.472770055923673, 1.5868552009575065, 2.6), ('f4_pat.0', (48.4, 11.815846331224165), 9.652919809737197, -0.3919324685586645, 2.6)]",1.814611012465984,0
"[((4.780077449726678, 48.4), 1.01064470812268), ('f2_pat.0', (51.395027302569034, 51.6), 4.14748726388556, 2.15980269561987, 2.6), ('f3_agg.0', (51.6, 78.18814251703535), 11.009693054160104, -0.8003276204923182, 2.6), ('f3_agg.1', (51.6, 15.78727894071788), 6.698619437259684, 2.2584938133601096, 2.6), ('f4_pat.0', (48.4, 10.843211570834551), 9.726347603896121, 0.7342779415892409, 2.6)]",-2.796121528569845,0
"[((4.871954241374194, 48.4), 0.9187679164751635), ('f2_pat.0', (50.96576348493471, 51.6), 4.292638176343171, 1.4515091245761091, 2.6), ('f3_agg.0', (51.6, 79.29650570867969), 11.083631916443352, 0.7393886228324753, 2.6), ('f3_agg.1', (51.6, 16.479127706486462), 6.9184876576858265, 2.198682204261422, 2.6), ('f4_pat.0', (48.4, 9.878596330287166), 9.646152405473824, -0.8019519842229705, 2.6)]",-2.252857507592745,0
"[((4.9554785974173905, 48.4), 0.8352435604319669), ('f2_pat.0', (50.51819066164109, 51.6), 4.475728232936236, 1.8309005659306443, 2.6), ('f3_agg.0', (51.6, 80.40223635399113), 11.057306453114377, -0.2632546332897512, 2.6), ('f3_agg.1', (51.6, 17.187496037065255), 7.0836833057879165, 1.6519564810208998, 2.6), ('f4_pat.0', (48.4, 8.91369365000837), 9.649026802787978, 0.028743973141533985, 2.6)]",-1.368825166641236,0
"[((5.031409830183933, 48.4), 0.7593123276654244), ('f2_pat.0', (50.056228157373745, 51.6), 4.619625042673434, 1.4389680973719798, 2.6), ('f3_agg.0', (51.6, 81.5063610275762), 11.041246735850816, -0.16059717263560813, 2.6), ('f3_agg.1', (51.6, 17.92001982844665), 7.32523791381397, 2.4155460802605333, 2.6), ('f4_pat.0', (48.4, 7.949357945256317), 9.643357047520531, -0.05669755267446064, 2.6)]",-1.8286218379417514,0
"[((5.100438223608062, 48.4), 0.690283934241295), ('f2_pat.0', (49.57253319271679, 51.6), 4.836949646569556, 2.1732460389612207, 2.6), ('f3_agg.0', (51.6, 82.60756928182774), 11.01208254251536, -0.29164193335455835, 2.6), ('f3_agg.1', (51.6, 18.66774017045738), 7.4772034201073145, 1.519655062933447, 2.6), ('f4_pat.0', (48.4, 6.9829247209423855), 9.664332243139343, 0.20975195618811782, 2.6)]",-1.517224164364959,0
"[((5.163191308539089, 48.4), 0.6275308493102681), ('f2_pat.0', (49.07512528751245, 51.6), 4.97407905204338, 1.3712940547382413, 2.6), ('f3_agg.0', (51.6, 83.71716747703123), 11.095981952034869, 0.8389940951950869, 2.6), ('f3_agg.1', (51.6, 19.43334485006238), 7.656046796049984, 1.7884337594266952, 2.6), ('f4_pat.0', (48.4, 6.0137742083254935), 9.691505126168906, 0.27172883029562556, 2.6)]",-1.7995891453190516,0
"[((5.220239567567295, 48.4), 0.5704825902820619), ('f2_pat.0', (48.56371700202932, 51.6), 5.114082854831358, 1.4000380278797842, 2.6), ('f3_agg.0', (51.6, 84.82593832211721), 11.087708450859878, -0.08273501174990372, 2.6), ('f3_agg.1', (51.6, 20.221687471108503), 7.883426210461246, 2.2737941441126175, 2.6), ('f4_pat.0', (48.4, 5.04810411722076), 9.656700911047357, -0.3480421512154841, 2.6)]",-2.6028808800608125,0
"[((5.2721016212293, 48.4), 0.5186205366200564), ('f2_pat.0', (48.03887531179413, 51.6), 5.248416902351892, 1.3433404752053324, 2.6), ('f3_agg.0', (51.6, 85.93252638738349), 11.065880652662832, -0.21827798197046278, 2.6), ('f3_agg.1', (51.6, 21.025412574367596), 8.037251032590929, 1.5382482212968274, 2.6), ('f4_pat.0', (48.4, 4.072712681185436), 9.753914360353212, 0.9721344930585474, 2.6)]",0.2722898092554398,0
"[((5.326439036793628, 48.4), 0.5433741556432782), ('f2_pat.0', (47.498502697245, 51.6), 5.403726145491237, 1.5530924313934502, 2.6), ('f3_agg.0', (51.6, 87.03267478804331), 11.001484006598126, -0.6439664606470608, 2.6), ('f3_agg.1', (51.6, 21.846342114614327), 8.209295402467314, 1.7204436987638516, 2.6), ('f4_pat.0', (48.4, 3.10838381740934), 9.64328863776098, -1.1062572259223202, 2.6)]",2.4390553227582004,0
"[((5.402949682564849, 48.4), 0.7651064577122055), ('f2_pat.0', (46.93988187007899, 51.6), 5.586208271660143, 1.8248212616890669, 2.6), ('f3_agg.0', (51.6, 88.1393728149995), 11.066980269561988, 0.654962629638618, 2.6), ('f3_agg.1', (51.6, 22.68391272940208), 8.375706147877562, 1.6641074541024814, 2.6), ('f4_pat.0', (48.4, 2.140545185891348), 9.678386315179942, 0.3509767741896219, 2.6)]",-0.7205592585104723,0
"[((5.472909789622338, 48.4), 0.6996010705748898), ('f2_pat.0', (46.36649325180824, 51.6), 5.733886182707502, 1.4767791104735828, 2.6), ('f3_agg.0', (51.6, 89.23898790624527), 10.996150912457612, -0.708293571043761, 2.6), ('f3_agg.1', (51.6, 23.54288896965982), 8.589762402577389, 2.140562546998268, 2.6), ('f4_pat.0', (48.4, 1.163650697467709), 9.76894488423639, 0.9055856905644788, 2.6)]",-0.4224848479360559,0
"[((5.539029125334953, 48.4), 0.6611933571261575), ('f2_pat.0', (45.76861549750217, 51.6), 5.978777543060715, 2.44891360353213, 2.6), ('f3_agg.0', (51.6, 90.34239691190459), 11.034090056593065, 0.3793914413545352, 2.6), ('f3_agg.1', (51.6, 24.41856423325792), 8.75675263598102, 1.6699023340363084, 2.6), ('f4_pat.0', (48.4, 0.18952609288417932), 9.74124604583527, -0.27698838401120085, 2.6)]",2.859202710490444,0
"[((5.6311412129611185, 48.4), 0.9211208762616524), ('f2_pat.0', (45.15731117942, 51.6), 6.1130431808216965, 1.3426563776098188, 2.6), ('f3_agg.0', (51.6, 91.44188659287829), 10.994896809737199, -0.3919324685586645, 2.6), ('f3_agg.1', (51.6, 25.3145894409912), 8.960252077332761, 2.034994413517417, 2.6)]",0.9337896150728109,0
"[((5.731742297087945, 48.4), 1.0060108412682716), ('f2_pat.0', (44.52907052981983, 51.6), 6.282406496001641, 1.6936331517994407, 2.6), ('f3_agg.0', (51.6, 92.54871905326792), 11.068324603896123, 0.7342779415892409, 2.6), ('f3_agg.1', (51.6, 26.226707567871582), 9.121181268803838, 1.6092919147107665, 2.6)]",-0.3515794704416191,0
"[((5.829147204210758, 48.4), 0.9740490712281243), ('f2_pat.0', (43.87483769179603, 51.6), 6.542328380238032, 2.5992188423639107, 2.6), ('f3_agg.0', (51.6, 93.64753199381529), 10.988129405473826, -0.8019519842229705, 2.6), ('f3_agg.1', (51.6, 27.15338082237383), 9.26673254502245, 1.4555127621861175, 2.6)]",-0.11190437062678793,0
"[((5.925534798873327, 48.4), 0.9638759466256891), ('f2_pat.0', (43.197382549188696, 51.6), 6.774551426073303, 2.32223045835271, 2.6), ('f3_agg.0', (51.6, 94.74663237409409), 10.99100380278798, 0.028743973141533985, 2.6), ('f3_agg.1', (51.6, 28.103004604504722), 9.496237821308958, 2.2950527628650796, 2.6)]",-0.24226437632586872,0
"[((6.019719990114752, 48.4), 0.9418519124142465), ('f2_pat.0', (42.498098523258946, 51.6), 6.992840259297517, 2.1828883322421433, 2.6), ('f3_agg.0', (51.6, 95.84516577884614), 10.985334047520533, -0.05669755267446064, 2.6), ('f3_agg.1', (51.6, 29.076379675335303), 9.733750708305804, 2.3751288699684636, 2.6)]",0.5477995586023789,0
"[((6.11888517734347, 48.4), 0.99165187228719), ('f2_pat.0', (41.775324158190884, 51.6), 7.227743650680639, 2.3490339138312244, 2.6), ('f3_agg.0', (51.6, 96.94579670316008), 11.006309243139345, 0.20975195618811782, 2.6), ('f3_agg.1', (51.6, 30.067932417518517), 9.915527421832145, 1.8177671352634128, 2.6)]",0.8406106848534081,0
"[((6.2256922798890395, 48.4), 1.0680710254556816), ('f2_pat.0', (41.03151153249831, 51.6), 7.4381262569257505, 2.1038260624511107, 2.6), ('f3_agg.0', (51.6, 98.04914491577696), 11.033482126168908, 0.27172883029562556, 2.6), ('f3_agg.1', (51.6, 31.083269981586206), 10.153375640676883, 2.378482188447375, 2.6)]",1.014431156838052,0
"[((6.341721483860409, 48.4), 1.1602920397136862), ('f2_pat.0', (40.26297523382948, 51.6), 7.685362986688268, 2.472367297625171, 2.6), ('f3_agg.0', (51.6, 99.1490127068817), 10.99867791104736, -0.3480421512154841, 2.6), ('f3_agg.1', (51.6, 32.11716139815289), 10.338914165666852, 1.8553852498996903, 2.6)]",2.297053603618804,0
"[((6.478632993319222, 48.4), 1.369115094588123), ('f2_pat.0', (39.48028236971309, 51.6), 7.826928641163975, 1.4156565447570735, 2.6), ('f3_agg.1', (51.6, 33.16716165244703), 10.500002542941424, 1.6108837727457193, 2.6)]",0.9780153547041723,0
"[((6.624435551457162, 48.4), 1.4580255813794114), ('f2_pat.0', (38.67815046854238, 51.6), 8.02131901170709, 1.9439037054311559, 2.6), ('f3_agg.1', (51.6, 34.24314575183446), 10.759840993874299, 2.5983845093287528, 2.6)]",1.2737495849907159,0
"[((6.781817651276837, 48.4), 1.5738209981967493), ('f2_pat.0', (37.86007495265433, 51.6), 8.18075515888049, 1.5943614717340004, 2.6), ('f3_agg.1', (51.6, 35.33362904636128), 10.904832945268193, 1.4499195139389442, 2.6)]",-1.1537349240293033,0
"[((6.928711251787154, 48.4), 1.4689360051031761), ('f2_pat.0', (37.01696887868307, 51.6), 8.431060739712555, 2.5030558083206422, 2.6), ('f3_agg.1', (51.6, 36.44082814719271), 11.071991008314304, 1.6715806304611114, 2.6)]",2.056340962179063,0
"[((7.094298861044555, 48.4), 1.6558760925740001), ('f2_pat.0', (36.15797598906143, 51.6), 8.58992889621644, 1.5886815650388542, 2.6), ('f3_agg.1', (51.6, 37.541663059334866), 11.008349121421576, -0.6364188689272865, 2.6)]",0.45741948562824053,0
"[((7.264044829262212, 48.4), 1.6974596821765675), ('f2_pat.0', (35.282505305149265, 51.6), 8.754706839121642, 1.6477794290520187, 2.6), ('f3_agg.1', (51.6, 38.64877158152106), 11.071085221861955, 0.6273610044037881, 2.6)]",1.9202858397913705,0
"[((7.451247941477972, 48.4), 1.8720311221576011), ('f2_pat.0', (34.38996406664212, 51.6), 8.925412385071391, 1.707055459497493, 2.6), ('f2_pat.1', (95.9, 51.6), 0.0, 0.0, 2.6), ('f3_agg.1', (51.6, 39.74887324909511), 11.00101667574048, -0.7006854612147428, 2.6)]",-0.8073296950321325,0
"[((7.631111692829804, 48.4), 1.7986375135183164), ('f2_pat.0', (33.4782167105732, 51.6), 9.117473560689247, 1.9206117561785518, 2.6), ('f2_pat.1', (95.87489537326863, 51.6), 0.2510462673136499, 2.5104626731364985, 2.6), ('f3_agg.1', (51.6, 40.858624607950766), 11.097513588556556, 0.9649691281607531, 2.6)]",2.6132086884913877,0
"[((7.834731886804285, 48.4), 2.036201939744806), ('f2_pat.0', (32.55027358346225, 51.6), 9.279431271109493, 1.6195771042024631, 2.6), ('f2_pat.1', (95.82613222715949, 51.6), 0.48763146109138644, 2.3658519377773657, 2.6), ('f3_agg.1', (51.6, 41.95857286672619), 10.999482587754262, -0.9803100080229399, 2.6)]",2.446693749435479,0
"[((8.060594751228178, 48.4), 2.2586286442389407), ('f2_pat.0', (31.60254616172672, 51.6), 9.477274217355294, 1.9784294624580134, 2.6), ('f2_pat.1', (95.75161146584772, 51.6), 0.7452076131177393, 2.5757615202635287, 2.6), ('f3_agg.1', (51.6, 43.06408460224177), 11.05511735515576, 0.5563476740149831, 2.6)]",-2.4590307100844337,0
"[((8.265924627977173, 48.4), 2.053298767489946), ('f2_pat.0', (30.634707399902886, 51.6), 9.678387618238336, 2.0111340088304175, 2.6), ('f2_pat.1', (95.6554232748516, 51.6), 0.9618819099612335, 2.1667429684349413, 2.6), ('f3_agg.1', (51.6, 44.16929594233007), 11.052113400883043, -0.030039542727173796, 2.6)]",-1.9561918009200148,0
"[((8.45347094289962, 48.4), 1.8754631492244902), ('f2_pat.0', (29.651179810119466, 51.6), 9.835275897834213, 1.5688827959587748, 2.6), ('f2_pat.1', (95.53636052434945, 51.6), 1.1906275050214883, 2.2874559506025482, 2.6), ('f3_agg.1', (51.6, 45.270084770289664), 11.007888279595878, -0.4422512128716427, 2.6)]",2.8730883980520563,0
"[((8.667136243258907, 48.4), 2.136653003592859), ('f2_pat.0', (28.642135121383497, 51.6), 10.090446887359718, 2.5517098952550477, 2.6), ('f2_pat.1', (95.39408047659478, 51.6), 1.422800477546636, 2.321729725251478, 2.6), ('f3_agg.1', (51.6, 46.380701869242216), 11.106170989525506, 0.9828270992962729, 2.6)]",-0.2478445803042315,0
"[((8.878548411069973, 48.4), 2.114121678110656), ('f2_pat.0', (27.61211592985378, 51.6), 10.300191915297178, 2.097450279374602, 2.6), ('f2_pat.1', (95.23197159798266, 51.6), 1.6210887861212535, 1.9828830857461743, 2.6), ('f3_agg.1', (51.6, 47.48677637203596), 11.060745027937461, -0.4542596158804457, 2.6)]",-1.3666773083253114,0
"[((9.077536239714444, 48.4), 1.9898782864447186), ('f2_pat.0', (26.558224156703126, 51.6), 10.538917731506514, 2.387258162093353, 2.6), ('f2_pat.1', (95.0446228611651, 51.6), 1.8734873681756172, 2.523985820543637, 2.6), ('f3_agg.1', (51.6, 48.595748953656894), 11.089725816209336, 0.28980788271875113, 2.6)]",0.37008495790448137,0
"[((9.27988847706714, 48.4), 2.0235223735269443), ('f2_pat.0', (25.488463078136466, 51.6), 10.697610785666617, 1.5869305416010349, 2.6), ('f2_pat.1', (94.8367737672043, 51.6), 2.07849093960797, 2.050035714323528, 2.6), ('f3_agg.1', (51.6, 49.69671825907291), 11.009693054160104, -0.8003276204923182, 2.6)]",2.7514730826091123,0
"[((9.507254106079916, 48.4), 2.273656290127773), ('f2_pat.0', (24.39543880792547, 51.6), 10.930242702109968, 2.32631916443351, 2.6), ('f2_pat.1', (94.61056786373642, 51.6), 2.2620590346788645, 1.8356809507089444, 2.6), ('f3_agg.1', (51.6, 50.805081450717246), 11.083631916443352, 0.7393886228324753, 2.6)]",-0.4554404704258044,0
"[((9.730479367179731, 48.4), 2.232252610998154), ('f2_pat.0', (23.28970816261403, 51.6), 11.057306453114377, 1.2706375100440859, 2.6), ('f2_pat.1', (94.36070446043273, 51.6), 2.4986340330368937, 2.365749983580292, 2.6), ('f3_agg.1', (51.6, 51.91081209602868), 11.057306453114377, -0.2632546332897512, 2.6)]",2.8713693924180346,0
"[((9.979807986392437, 48.4), 2.4932861921270666), ('f2_pat.0', (22.18558348902895, 51.6), 11.041246735850816, -0.16059717263560813, 2.6), ('f2_pat.1', (94.09643154340709, 51.6), 2.6427291702563043, 1.4409513721941059, 2.6), ('f3_agg.1', (51.6, 53.01493676961377), 11.041246735850816, -0.16059717263560813, 2.6)]",1.060771865508917,0
"[((10.23877998620068, 48.4), 2.5897199980824226), ('f2_pat.0', (21.084375234777415, 51.6), 11.01208254251536, -0.29164193335455835, 2.6), ('f2_pat.1', (93.81356726833961, 51.6), 2.828642750674869, 1.8591358041856454, 2.6), ('f3_agg.1', (51.6, 54.1161450238653), 11.01208254251536, -0.29164193335455835, 2.6)]",-1.56046282927419,0
"[((10.483565960288248, 48.4), 2.447859740875678), ('f2_pat.0', (19.97477703957393, 51.6), 11.095981952034869, 0.8389940951950869, 2.6), ('f2_pat.1', (93.50529526775122, 51.6), 3.0827200058838455, 2.5407725520897673, 2.6), ('f3_agg.1', (51.6, 55.22574321906879), 11.095981952034869, 0.8389940951950869, 2.6)]",-2.17873967771829,0
"[((10.708545210032922, 48.4), 2.2497924974467423), ('f2_pat.0', (18.866006194487944, 51.6), 11.087708450859878, -0.08273501174990372, 2.6), ('f2_pat.1', (93.1787056326341, 51.6), 3.2658963511712025, 1.8317634528735693, 2.6), ('f3_agg.1', (51.6, 56.334514064154774), 11.087708450859878, -0.08273501174990372, 2.6)]",-1.1508112113533748,0
"[((10.923062539674383, 48.4), 2.145173296414617), ('f2_pat.0', (17.759418129221658, 51.6), 11.065880652662832, -0.21827798197046278, 2.6), ('f2_pat.1', (92.82868740365791, 51.6), 3.500182289761968, 2.342859385907654, 2.6), ('f3_agg.1', (51.6, 57.44110212942106), 11.065880652662832, -0.21827798197046278, 2.6)]",-2.564408896499879,0
"[((11.118078293893895, 48.4), 1.9501575421951065), ('f2_pat.0', (16.65926972856185, 51.6), 11.001484006598126, -0.6439664606470608, 2.6), ('f2_pat.1', (92.4582509250511, 51.6), 3.704364786067989, 2.0418249630602103, 2.6), ('f3_agg.1', (51.6, 58.53962869319716), 10.985265637760982, -0.806150149018503, 2.6)]",-0.3214556599624867,0
"[((11.31017172393193, 48.4), 1.920934300380335), ('f2_pat.0', (15.552571701605647, 51.6), 11.066980269561988, 0.654962629638618, 2.6), ('f2_pat.1', (92.06723747584472, 51.6), 3.9101344920639063, 2.0576970599591737, 2.6), ('f3_agg.1', (51.6, 59.64166502471515), 11.020363315179944, 0.3509767741896219, 2.6)]",-1.9289711640008342,0
"[((11.484802114875594, 48.4), 1.7463039094366681), ('f2_pat.0', (14.452956610359884, 51.6), 10.996150912457612, -0.708293571043761, 2.6), ('f2_pat.1', (91.66263696127619, 51.6), 4.046005145685293, 1.3587065362138695, 2.6), ('f3_agg.1', (51.6, 60.75275721313879), 11.110921884236392, 0.9055856905644788, 2.6)]",0.9153215411828586,0
"[((11.667753610739107, 48.4), 1.8295149586351098), ('f2_pat.0', (13.349547604700579, 51.6), 11.034090056593065, 0.3793914413545352, 2.6), ('f2_pat.1', (91.24178752047044, 51.6), 4.208494408057549, 1.6248926237225536, 2.6), ('f3_agg.1', (51.6, 61.861079517722324), 11.083223045835272, -0.27698838401120085, 2.6)]",1.2658648851378471,0
"[((11.862212969194777, 48.4), 1.9445935845567324), ('f2_pat.0', (12.250057923726857, 51.6), 10.994896809737199, -0.3919324685586645, 2.6), ('f2_pat.1', (90.79772292977567, 51.6), 4.440645906947565, 2.321514988900164, 2.6), ('f3_agg.1', (51.6, 62.96800840104474), 11.069288833224215, -0.1393421261105665, 2.6)]",-0.10056683212055084,0
"[((12.055758083722086, 48.4), 1.9354511452730458), ('f2_pat.0', (11.143225463337249, 51.6), 11.068324603896123, 0.7342779415892409, 2.6), ('f2_pat.1', (90.33128856756218, 51.6), 4.66434362213501, 2.2369771518744486, 2.6), ('f3_agg.1', (51.6, 64.06812203509338), 11.001136340486353, -0.681524927378625, 2.6)]",-2.683223808030295,0
"[((12.231708187837818, 48.4), 1.7595010411573144), ('f2_pat.0', (10.04441252278987, 51.6), 10.988129405473826, -0.8019519842229705, 2.6), ('f2_pat.1', (89.84656627332807, 51.6), 4.84722294234113, 1.8287932020612008, 2.6), ('f3_agg.1', (51.6, 65.17723846905996), 11.09116433966579, 0.9002799917943705, 2.6)]",2.252956673498275,0
"[((12.428139716258077, 48.4), 1.9643152842026121), ('f2_pat.0', (8.94531214251107, 51.6), 10.99100380278798, 0.028743973141533985, 2.6), ('f2_pat.1', (89.34597542708437, 51.6), 5.005908462436881, 1.5868552009575065, 2.6), ('f3_agg.1', (51.6, 66.28061209916771), 11.03373630107753, -0.5742803858825951, 2.6)]",0.4971189359776358,0
"[((12.629090507732679, 48.4), 2.0095079147460337), ('f2_pat.0', (7.846778737759017, 51.6), 10.985334047520533, -0.05669755267446064, 2.6), ('f2_pat.1', (88.82279964270708, 51.6), 5.2317578437728915, 2.2584938133601096, 2.6), ('f3_agg.1', (51.6, 67.38384228445796), 11.032301852902398, -0.014344481751322746, 2.6)]",0.3360689739244789,0
"[((12.833096471697507, 48.4), 2.040059639648259), ('f2_pat.0', (6.746147813445084, 51.6), 11.006309243139345, 0.20975195618811782, 2.6), ('f2_pat.1', (88.27763703628719, 51.6), 5.451626064199034, 2.198682204261422, 2.6), ('f3_agg.1', (51.6, 68.48274408990457), 10.98901805446623, -0.43283798436167586, 2.6)]",0.6003549270891995,0
"[((13.04256020772678, 48.4), 2.0946373602927317), ('f2_pat.0', (5.642799600828191, 51.6), 11.033482126168908, 0.27172883029562556, 2.6), ('f2_pat.1', (87.71595486505707, 51.6), 5.616821712301124, 1.6519564810208998, 2.6), ('f3_agg.1', (51.6, 69.58216674432624), 10.994226544216742, 0.05208489750511802, 2.6)]",0.5633933886463609,0
"[((13.257145701834656, 48.4), 2.1458549410787646), ('f2_pat.0', (4.542931809723456, 51.6), 10.99867791104736, -0.3480421512154841, 2.6), ('f2_pat.1', (87.13011723302435, 51.6), 5.858376320327177, 2.4155460802605333, 2.6), ('f3_agg.1', (51.6, 70.68265283950433), 11.004860951780808, 0.1063440756406564, 2.6)]",2.6330315794969517,0
"[((13.49566784666523, 48.4), 2.38522144830576), ('f2_pat.0', (3.4333426736881307, 51.6), 11.095891360353214, 0.9721344930585474, 2.6), ('f2_pat.1', (86.5290830503623, 51.6), 6.010341826620522, 1.519655062933447, 2.6), ('f3_agg.1', (51.6, 71.79365785729122), 11.110050177868922, 1.0518922608811465, 2.6)]",1.897671949741925,0
"[((13.75144155467528, 48.4), 2.5577370801004804), ('f2_pat.0', (2.3348161099120333, 51.6), 10.985265637760982, -1.1062572259223202, 2.6), ('f2_pat.1', (85.91016453010599, 51.6), 6.189185202563191, 1.7884337594266952, 2.6), ('f3_agg.1', (51.6, 72.89921888576491), 11.055610284736847, -0.5443989313207531, 2.6)]",1.4542953845126938,0
"[((14.020436129817261, 48.4), 2.6899457514198164), ('f2_pat.0', (1.2327797783940397, 51.6), 11.020363315179944, 0.3509767741896219, 2.6), ('f2_pat.1', (85.26850806840854, 51.6), 6.416564616974453, 2.2737941441126175, 2.6), ('f3_agg.1', (51.6, 74.0024354857368), 11.032165999718943, -0.23444285017903965, 2.6)]",0.3695478432493484,0
"[((14.292790230806963, 48.4), 2.72354100989703), ('f2_pat.0', (0.1216875899703993, 51.6), 11.110921884236392, 0.9055856905644788, 2.6), ('f2_pat.1', (84.61146912449813, 51.6), 6.570389439104135, 1.5382482212968185, 2.6), ('f3_agg.1', (51.6, 75.10076185198687), 10.983263662500773, -0.48902337218169833, 2.6)]",-0.3342288278036021,0
"[((14.562105887907546, 48.4), 2.6931565710057934), ('f2_pat.1', (83.93722574360007, 51.6), 6.742433808980519, 1.7204436987638427, 2.6), ('f3_agg.1', (51.6, 76.209072049159), 11.083101971721277, 0.9983830922050352, 2.6)]",2.172373316349055,0
"[((14.851170393338569, 48.4), 2.890645054310253), ('f2_pat.1', (83.24634128816099, 51.6), 6.908844554390767, 1.6641074541024814, 2.6), ('f3_agg.1', (51.6, 77.31736930069636), 11.082972515373491, -0.0012945634778560589, 2.6)]",-2.3536367087042103,0
"[((15.118838201417738, 48.4), 2.6766780807916883), ('f2_pat.1', (82.53405120725193, 51.6), 7.122900809090593, 2.140562546998259, 2.6), ('f3_agg.1', (51.6, 78.41907608611575), 11.017067854193971, -0.6590466117951976, 2.6)]",2.382345557174191,0
"[((15.408163696380308, 48.4), 2.893254949625706), ('f2_pat.1', (81.80506210300251, 51.6), 7.289891042494223, 1.6699023340362995, 2.6), ('f3_agg.1', (51.6, 79.5237005231449), 11.046244370291475, 0.29176516097503935, 2.6)]",-2.9632749912317418,0
"[((15.671186873619009, 48.4), 2.6302317723870052), ('f2_pat.1', (81.05572305461791, 51.6), 7.493390483845965, 2.034994413517417, 2.6), ('f3_agg.1', (51.6, 80.62378273086622), 11.000822077213321, -0.4542229307815404, 2.6)]",2.86978635264025,0
"[((15.960299017699896, 48.4), 2.891121440808846), ('f2_pat.1', (80.29029108708622, 51.6), 7.654319675317042, 1.6092919147107754, 2.6), ('f3_agg.1', (51.6, 81.73406273532697), 11.102800044607372, 1.0197796739405085, 2.6)]",-0.7578480244957584,0
"[((16.242521634285364, 48.4), 2.822226165854686), ('f2_pat.1', (79.51030399193264, 51.6), 7.799870951535654, 1.4555127621861175, 2.6), ('f3_agg.1', (51.6, 82.83868001224059), 11.046172769136263, -0.5662727547110968, 2.6)]",-1.0634650663908927,0
"[((16.515076386630916, 48.4), 2.725547523455514), ('f2_pat.1', (78.70736636915044, 51.6), 8.029376227822162, 2.2950527628650796, 2.6), ('f3_agg.1', (51.6, 83.94553267599173), 11.06852663751133, 0.2235386837506681, 2.6)]",1.2170571102283905,0
"[((16.798695294524, 48.4), 2.8361890789308224), ('f2_pat.1', (77.88067745766853, 51.6), 8.266889114819008, 2.3751288699684636, 2.6), ('f3_agg.1', (51.6, 85.0478734180607), 11.023407420689706, -0.45119216821623453, 2.6)]",0.9258054338797495,0
"[((17.09073061545235, 48.4), 2.920353209283527), ('f2_pat.1', (77.035810874834, 51.6), 8.44866582834535, 1.8177671352634128, 2.6), ('f3_agg.1', (51.6, 86.15632888823959), 11.084554701788818, 0.6114728109911205, 2.6)]",-0.07538302979241918,0
"[((17.382080636109862, 48.4), 2.913500206575125), ('f2_pat.1', (76.16715947011498, 51.6), 8.686514047190087, 2.378482188447375, 2.6), ('f3_agg.1', (51.6, 87.25501801985168), 10.986891316120978, -0.9766338566783972, 2.6)]",2.394490533917484,0
"[((17.69519875253026, 48.4), 3.131181164203987), ('f2_pat.1', (75.27995421289698, 51.6), 8.872052572180056, 1.8553852498996903, 2.6), ('f3_agg.1', (51.6, 88.35479970331915), 10.997816834674683, 0.1092551855370516, 2.6)]",-1.8957380385953306,0
"[((17.99108288678161, 48.4), 2.9588413425135025), ('f2_pat.1', (74.37664011795152, 51.6), 9.033140949454628, 1.6108837727457193, 2.6), ('f3_agg.1', (51.6, 89.46326619967348), 11.084664963543416, 0.8684812886873239, 2.6)]",1.8988216770134567,0
"[((18.304229036278535, 48.4), 3.131461494969271), ('f2_pat.1', (73.44734217791276, 51.6), 9.292979400387503, 2.5983845093287528, 2.6), ('f3_agg.1', (51.6, 90.56747356856812), 11.0420736889462, -0.425912745972159, 2.6)]",-1.1377317506564613,0
"[((18.607032169860403, 48.4), 3.028031335818684), ('f2_pat.1', (72.50354504273463, 51.6), 9.437971351781398, 1.4499195139389442, 2.6), ('f3_agg.1', (51.6, 91.66580915652845), 10.98335587960342, -0.5871780934277915, 2.6)]",-2.8056464789327067,0
"[((18.884329426361067, 48.4), 2.7729725650066195), ('f2_pat.1', (71.53764880672506, 51.6), 9.658962360095702, 2.2099100831430363, 2.6), ('f3_agg.1', (51.6, 92.7679554238421), 11.021462673136499, 0.3810679353307833, 2.6)]",2.591607715750756,0
"[((19.185186753004917, 48.4), 3.0085732664385065), ('f2_pat.1', (70.55601765857332, 51.6), 9.816311481517277, 1.5734912142157498, 2.6), ('f3_agg.1', (51.6, 93.86714290239901), 10.991874785569031, -0.29587887567467774, 2.6)]",0.5133085851387449,0
"[((19.49071052133185, 48.4), 3.0552376832693016), ('f2_pat.1', (69.5523779882354, 51.6), 10.03639670337923, 2.200852218619538, 2.6), ('f3_agg.1', (51.6, 94.97739997308699), 11.102570706879721, 1.1069592131068973, 2.6)]",-1.0508223059638182,0
"[((19.78668135960456, 48.4), 2.959708382727136), ('f2_pat.1', (68.53570771247722, 51.6), 10.166702757581959, 1.3030605420272856, 2.6), ('f3_agg.1', (51.6, 96.07729364846938), 10.998936753823887, -1.0363395305583367, 2.6)]",-1.21682673890923,0
"[((20.071590136614464, 48.4), 2.8490877700990245), ('f2_pat.1', (67.55388782123623, 51.6), 9.818198912409832, -3.4850384517212696, 2.6), ('f3_agg.1', (51.6, 97.18174313239405), 11.044494839246852, 0.45558085422964467, 2.6)]",0.9123124682881181,0
"[((20.364792663336075, 48.4), 2.932025267216126), ('f2_pat.1', (66.61706792999524, 51.6), 9.368198912409833, -4.499999999999993, 2.6), ('f3_agg.1', (51.6, 98.28785561690961), 11.061124845155515, 0.16630005908663037, 2.6)]",0.8544509057290659,0
"[((20.665762925564316, 48.4), 3.0097026222824046), ('f2_pat.1', (65.72524803875426, 51.6), 8.918198912409833, -4.499999999999993, 2.6), ('f3_agg.1', (51.6, 99.38942089191713), 11.01565275007533, -0.4547209508018568, 2.6)]",-0.23354978492715173,0
"[((20.964610007929583, 48.4), 2.9884708236526634), ('f2_pat.1', (64.87842814751328, 51.6), 8.468198912409834, -4.499999999999993, 2.6)]",2.9661813699820456,0
"[((21.290422375476503, 48.4), 3.258123675469213), ('f2_pat.1', (64.07616809047565, 51.6), 8.022600570376364, -4.455983420334704, 2.6)]",-2.3570297396143927,0
"[((21.59480719993602, 48.4), 3.043848244595177), ('f2_pat.1', (63.31890803343801, 51.6), 7.5726005703763635, -4.500000000000002, 2.6)]",2.1254387994244075,0
"[((21.918514195299398, 48.4), 3.2370699536337595), ('f2_pat.1', (62.60664797640037, 51.6), 7.122600570376363, -4.500000000000002, 2.6)]",2.5709371480868644,0
"[((22.26559334655447, 48.4), 3.4707915125507474), ('f2_pat.1', (61.93938791936273, 51.6), 6.672600570376363, -4.500000000000002, 2.6)]",-1.7436419116612714,0
"[((22.596821207703535, 48.4), 3.312278611490632), ('f2_pat.1', (61.317127862325094, 51.6), 6.222600570376363, -4.500000000000002, 2.6), ('f2_pat.2', (95.9, 51.6), 0.0, 0.0, 2.6)]",0.684842738646207,0
"[((22.9342749119312, 48.4), 3.3745370422766507), ('f2_pat.1', (60.668867805287455, 51.6), 6.482600570376363, 2.599999999999998, 2.6), ('f2_pat.2', (95.87518457801335, 51.6), 0.24815421986649744, 2.4815421986649744, 2.6)]",0.8789043599171324,0
"[((23.279718655794476, 48.4), 3.4544374386327537), ('f2_pat.1', (59.99460774824982, 51.6), 6.7426005703763625, 2.599999999999998, 2.6), ('f2_pat.2', (95.82494397983587, 51.6), 0.5024059817748274, 2.5425176190833, 2.6)]",1.214206308011974,0
"[((23.636200638821492, 48.4), 3.564819830270206), ('f2_pat.1', (59.29434769121218, 51.6), 7.002600570376362, 2.599999999999998, 2.6), ('f2_pat.2', (95.75178267940151, 51.6), 0.7316130043435317, 2.2920702256870427, 2.6)]",-0.17925619981473506,0
"[((23.99105302003202, 48.4), 3.54852381210523), ('f2_pat.1', (58.568087634174546, 51.6), 7.262600570376362, 2.599999999999998, 2.6), ('f2_pat.2', (95.65341969986014, 51.6), 0.9836297954137293, 2.520167910701976, 2.6)]",-0.38268628812506567,0
"[((24.342426434986855, 48.4), 3.513734149548406), ('f2_pat.1', (57.81582757713691, 51.6), 7.522600570376362, 2.599999999999998, 2.6), ('f2_pat.2', (95.53218513493542, 51.6), 1.2123456492472977, 2.287158538335684, 2.6)]",-2.0357280202140577,0
"[((24.675293231576116, 48.4), 3.3286679658925826), ('f2_pat.1', (57.037616554223746, 51.6), 7.78211022913163, 2.5950965875526855, 2.6), ('f2_pat.2', (95.39068020874137, 51.6), 1.41504926194037, 2.0270361269307235, 2.6)]",1.09242888094336,0
"[((25.018091199810314, 48.4), 3.427979682341979), ('f2_pat.1', (56.24439189726195, 51.6), 7.932246569617981, 1.5013634048635094, 2.6), ('f2_pat.2', (95.22790546256769, 51.6), 1.6277474617368128, 2.1269819979644278, 2.6)]",-1.535182532970544,0
"[((25.346932963199325, 48.4), 3.2884176338901114), ('f2_pat.1', (55.42715080633357, 51.6), 8.172410909283771, 2.4016433966578976, 2.6), ('f2_pat.2', (95.04040976961278, 51.6), 1.8749569295491653, 2.4720946781235242, 2.6)]",-0.8512695730620221,0
"[((25.668035912287774, 48.4), 3.211029490884473), ('f2_pat.1', (54.59163608529744, 51.6), 8.3551472103613, 1.8273630107752936, 2.6), ('f2_pat.2', (94.83101899295572, 51.6), 2.0939077665705046, 2.1895083702133933, 2.6)]",-0.4200260213739737,0
"[((25.985320443000095, 48.4), 3.1728453071232026), ('f2_pat.1', (53.73799117897107, 51.6), 8.536449063263698, 1.8130185290239709, 2.6), ('f2_pat.2', (94.6061438547184, 51.6), 2.2487513823732534, 1.5484361580274886, 2.6)]",0.6257964251655288,0
"[((26.30829403212301, 48.4), 3.2297358912291596), ('f2_pat.1', (52.87054446719807, 51.6), 8.674467117729927, 1.380180544662295, 2.6), ('f2_pat.2', (94.35752412289096, 51.6), 2.4861973182743995, 2.3744593590114604, 2.6)]",-2.0688535295728485,0
"[((26.612459861886173, 48.4), 3.0416582976316278), ('f2_pat.1', (51.98877510100341, 51.6), 8.817693661946668, 1.432265442167413, 2.6), ('f2_pat.2', (94.08954137422042, 51.6), 2.6798274867053724, 1.9363016843097292, 2.6)]",2.2508792121659527,0
"[((26.937088229941757, 48.4), 3.246283680555805), ('f2_pat.1', (51.091619639630665, 51.6), 8.971554613727475, 1.5386095178080694, 2.6), ('f2_pat.2', (93.80262981475528, 51.6), 2.869115594651422, 1.8928810794604978, 2.6)]",1.1689313304301816,0
"[((27.272343246455794, 48.4), 3.352550165140367), ('f2_pat.1', (50.16855916047102, 51.6), 9.230604791596397, 2.590501778689216, 2.6), ('f2_pat.2', (93.49199168719731, 51.6), 3.1063812755796714, 2.372656809282492, 2.6)]",0.8997653398634675,0
"[((27.61577794787768, 48.4), 3.434347014218864), ('f2_pat.1', (49.2250376528377, 51.6), 9.435215076333243, 2.046102847368463, 2.6), ('f2_pat.2', (93.16294431703007, 51.6), 3.290473701672501, 1.840924260928296, 2.6)]",-0.011090795052788316,0
"[((27.959111823889998, 48.4), 3.433338760123156), ('f2_pat.1', (48.263399545232474, 51.6), 9.616381076052186, 1.8116599971894232, 2.6), ('f2_pat.2', (92.8149120574156, 51.6), 3.480322596144735, 1.8984889447223408, 2.6)]",0.2988082268811958,0
"[((28.305162138328505, 48.4), 3.4605031443850827), ('f2_pat.1', (47.28853507137718, 51.6), 9.748644738552958, 1.3226366250077248, 2.6), ('f2_pat.2', (92.44862255155921, 51.6), 3.6628950585637834, 1.8257246241904834, 2.6)]",0.18884391811457624,0
"[((28.65292921565896, 48.4), 3.4776707733045895), ('f2_pat.1', (46.29046040034976, 51.6), 9.980746710274234, 2.32101971721276, 2.6), ('f2_pat.2', (92.06616200434806, 51.6), 3.824605472111482, 1.6171041354769855, 2.6)]",1.8638429234203864,0
"[((29.017640319565974, 48.4), 3.647111039070079), ('f2_pat.1', (45.269188477784986, 51.6), 10.212719225647724, 2.319725153734904, 2.6), ('f2_pat.2', (91.66045022627074, 51.6), 4.057117780773308, 2.3251230866182615, 2.6)]",-2.7384974650494494,0
"[((29.357455991972532, 48.4), 3.3981567240655837), ('f2_pat.1', (44.231309769800816, 51.6), 10.378787079841695, 1.6606785419397063, 2.6), ('f2_pat.2', (91.23533643967063, 51.6), 4.251137866000984, 1.9402008522767566, 2.6)]",1.853526468279969,0
"[((29.714121904999818, 48.4), 3.5666591302728534), ('f2_pat.1', (43.17390662478749, 51.6), 10.57403145013317, 1.9524437029147457, 2.6), ('f2_pat.2', (90.793093718645, 51.6), 4.4224272102563305, 1.712893442553467, 2.6)]",2.3517791863466844,0
"[((30.092167628812074, 48.4), 3.780457238122552), ('f2_pat.1', (42.11547581706616, 51.6), 10.58430807721332, 0.10276627080150647, 2.6), ('f2_pat.2', (90.33291536954049, 51.6), 4.60178349104511, 1.7935628078877919, 2.6)]",-1.5982685138746855,0
"[((30.455683638861835, 48.4), 3.635160100497581), ('f2_pat.1', (41.050198333743744, 51.6), 10.652774833224214, 0.684667560108938, 2.6), ('f2_pat.2', (89.85869517021673, 51.6), 4.742201993237588, 1.404185021924782, 2.6)]",-1.9255973604595362,0
"[((30.80169421836196, 48.4), 3.4601057950012595), ('f2_agg.0', (95.9, 51.6), 0.0, 0.0, 2.6), ('f2_pat.1', (39.99173609969511, 51.6), 10.584622340486352, -0.681524927378625, 2.6), ('f2_pat.2', (89.36369760924295, 51.6), 4.949975609737787, 2.0777361650019888, 2.6)]",0.40933407052684867,0
"[((31.151426016685058, 48.4), 3.497317983230973), ('f2_agg.0', (95.87406176139301, 51.6), 0.25938238606997766, 2.5938238606997763, 2.6), ('f2_pat.1', (38.924271065728526, 51.6), 10.674650339665789, 0.9002799917943705, 2.6), ('f2_pat.2', (88.84491566034889, 51.6), 5.187819488940633, 2.3784387920284633, 2.6)]",1.197844872871884,0
"[((31.512047313852445, 48.4), 3.6062129716738713), ('f2_agg.0', (95.82328166942318, 51.6), 0.5078009196982161, 2.484185336282384, 2.6), ('f2_pat.1', (37.86254883562078, 51.6), 10.617222301077529, -0.5742803858825951, 2.6), ('f2_pat.2', (88.30787950238413, 51.6), 5.370361579647626, 1.8254209070699279, 2.6)]",-0.4938637068046914,0
"[((31.868178940957968, 48.4), 3.561316271055263), ('f2_agg.0', (95.75026954760085, 51.6), 0.7301212182232696, 2.223202985250535, 2.6), ('f2_pat.1', (36.800970050330534, 51.6), 10.615787852902397, -0.014344481751322746, 2.6), ('f2_pat.2', (87.75153002696075, 51.6), 5.563494754233735, 1.9313317458610957, 2.6)]",-0.22685384748941706,0
"[((32.222248260359045, 48.4), 3.54069319401077), ('f2_agg.0', (95.65455806786477, 51.6), 0.9571147973608946, 2.2699357913762497, 2.6), ('f2_pat.1', (35.74371964488391, 51.6), 10.57250405446623, -0.43283798436167586, 2.6), ('f2_pat.2', (87.17397146950623, 51.6), 5.775585574545304, 2.120908203115688, 2.6)]",-2.231452327866352,0
"[((32.55603164950679, 48.4), 3.3378338914774655), ('f2_agg.0', (95.53681034033733, 51.6), 1.177477275274452, 2.2036247791355743, 2.6), ('f2_pat.1', (34.68594839046224, 51.6), 10.577712544216741, 0.05208489750511802, 2.6), ('f2_pat.2', (86.57495453790672, 51.6), 5.990169315995055, 2.1458374144975068, 2.6)]",0.35242863377563083,0
"[((32.89301893532522, 48.4), 3.369872858184341), ('f2_agg.0', (95.39884355742758, 51.6), 1.379667829097331, 2.02190553822879, 2.6), ('f2_pat.1', (33.62711369528416, 51.6), 10.588346951780807, 0.1063440756406564, 2.6), ('f2_pat.2', (85.9582338711489, 51.6), 6.167206667578185, 1.7703735158313005, 2.6)]",2.3811145362681767,0
"[((33.251652716927914, 48.4), 3.5863378160269024), ('f2_agg.0', (95.23630201078842, 51.6), 1.6254154663915863, 2.457476372942553, 2.6), ('f2_pat.1', (32.557760077497264, 51.6), 10.693536177868921, 1.0518922608811465, 2.6), ('f2_pat.2', (85.32224670019207, 51.6), 6.3598717095682975, 1.9266504199011258, 2.6)]",-0.783985107324872,0
"[((33.60315936119129, 48.4), 3.5150664426337324), ('f2_agg.0', (95.05358352872025, 51.6), 1.8271848206817711, 2.0176935429018483, 2.6), ('f2_pat.1', (31.493850449023583, 51.6), 10.639096284736846, -0.5443989313207531, 2.6), ('f2_pat.2', (84.66265967228397, 51.6), 6.595870279081037, 2.3599856951273956, 2.6)]",0.11639252812948264,0
"[((33.95572411934675, 48.4), 3.5256475815545945), ('f2_agg.0', (94.85439427563514, 51.6), 1.9918925308511144, 1.6470771016934327, 2.6), ('f2_pat.1', (30.432285249051684, 51.6), 10.615651999718942, -0.23444285017903965, 2.6), ('f2_pat.2', (83.98856842033206, 51.6), 6.740912519519088, 1.4504224043805092, 2.6)]",2.5460781951292075,0
"[((34.331435042912474, 48.4), 3.7571092356572495), ('f2_agg.0', (94.63299484420618, 51.6), 2.2139943142895526, 2.2210178343843823, 2.6), ('f2_pat.1', (29.37561028280161, 51.6), 10.566749662500772, -0.48902337218169833, 2.6), ('f2_pat.2', (83.29461490987973, 51.6), 6.939535104523284, 1.986225850041956, 2.6)]",-1.6181987011746757,0
"[((34.692435069194794, 48.4), 3.610000262823188), ('f2_agg.0', (94.38976064453838, 51.6), 2.4323419966779336, 2.18347682388381, 2.6), ('f2_pat.1', (28.30895148562948, 51.6), 10.666587971721276, 0.9983830922050352, 2.6), ('f2_pat.2', (82.57803445594298, 51.6), 7.165804539367427, 2.262694348441432, 2.6)]",-0.8866099129753211,0
"[((35.045375005359155, 48.4), 3.5293993616436135), ('f2_agg.0', (94.12916096335286, 51.6), 2.605996811855367, 1.7365481517743353, 2.6), ('f2_pat.1', (27.242305634092133, 51.6), 10.66645851537349, -0.0012945634778560589, 2.6), ('f2_pat.2', (81.84271196828297, 51.6), 7.353224876600188, 1.874203372327612, 2.6)]",-1.2551048075542477,0
"[((35.386904897818475, 48.4), 3.4152989245932273), ('f2_agg.0', (93.852529172822, 51.6), 2.766317905308462, 1.6032109345309475, 2.6), ('f2_pat.1', (26.182250248672737, 51.6), 10.60055385419397, -0.6590466117951976, 2.6), ('f2_pat.2', (81.08206316596852, 51.6), 7.606488023144529, 2.532631465443407, 2.6)]",2.144190072023096,0
"[((35.74792742729619, 48.4), 3.610225294777145), ('f2_agg.0', (93.55377329958871, 51.6), 2.9875587323329107, 2.212408270244488, 2.6), ('f2_pat.1', (25.11927721164359, 51.6), 10.629730370291474, 0.29176516097503935, 2.6), ('f2_pat.2', (80.30725126574907, 51.6), 7.748119002194479, 1.416309790499506, 2.6)]",0.6056116884971554,0
"[((36.11445551757843, 48.4), 3.665280902822341), ('f2_agg.0', (93.23724652612061, 51.6), 3.1652677346810396, 1.7770900234812892, 2.6), ('f2_pat.1', (24.060846403922255, 51.6), 10.58430807721332, -0.4542229307815404, 2.6), ('f2_pat.2', (79.51671129900048, 51.6), 7.905399667485953, 1.5728066529147355, 2.6)]",2.179224311863754,0
"[((36.50079473796851, 48.4), 3.863392203900864), ('f2_agg.0', (92.90044456509774, 51.6), 3.368019610228732, 2.0275187554769225, 2.6), ('f2_pat.1', (22.992217799461518, 51.6), 10.686286044607371, 1.0197796739405085, 2.6), ('f2_pat.2', (78.70926990017308, 51.6), 8.074413988273927, 1.6901432078797374, 2.6)]",-0.43794089909242784,0
"[((36.88315267745776, 48.4), 3.8235793948924615), ('f2_agg.0', (92.54225091613965, 51.6), 3.5819364895809143, 2.139168793521824, 2.6), ('f2_pat.1', (21.92925192254789, 51.6), 10.629658769136261, -0.5662727547110968, 2.6), ('f2_pat.2', (77.88060960718487, 51.6), 8.28660292988211, 2.121889416081828, 2.6)]",1.2849568942218221,0
"[((37.27719204325811, 48.4), 3.9403936580035364), ('f2_agg.0', (92.16725199380818, 51.6), 3.749989223314699, 1.680527337337847, 2.6), ('f2_pat.1', (20.86405065879676, 51.6), 10.652012637511328, 0.2235386837506681, 2.6), ('f2_pat.2', (77.03802356741048, 51.6), 8.425860397743863, 1.3925746786175353, 2.6)]",-2.415001246838939,0
"[((37.64927685226902, 48.4), 3.7208480901090875), ('f2_agg.0', (91.77172687263204, 51.6), 3.9552512117612815, 2.052619884465825, 2.6), ('f2_pat.1', (19.803361316727788, 51.6), 10.606893420689705, -0.45119216821623453, 2.6), ('f2_pat.2', (76.17911529894083, 51.6), 8.589082684696523, 1.6322228695266006, 2.6)]",2.760677422014682,0
"[((38.04645872875279, 48.4), 3.971818764837695), ('f2_agg.0', (91.35727921731493, 51.6), 4.1444765531711925, 1.8922534140991099, 2.6), ('f2_pat.1', (18.736557246548905, 51.6), 10.668040701788817, 0.6114728109911205, 2.6), ('f2_pat.2', (75.3033188146865, 51.6), 8.757964842543343, 1.6888215784682004, 2.6)]",2.6393754437868324,0
"[((38.4676349274528, 48.4), 4.211761987000134), ('f2_agg.0', (90.92877926442986, 51.6), 4.284999528850679, 1.4052297567948635, 2.6), ('f2_pat.1', (17.679519514936807, 51.6), 10.570377316120977, -0.9766338566783972, 2.6), ('f2_pat.2', (74.40842035870344, 51.6), 8.948984559830615, 1.9101971728727207, 2.6)]",2.129702227031621,0
"[((38.908172055489466, 48.4), 4.405371280366645), ('f2_agg.0', (90.47522957024009, 51.6), 4.535496941897803, 2.504974130471238, 2.6), ('f2_pat.1', (16.62138923146934, 51.6), 10.581302834674682, 0.1092551855370516, 2.6), ('f2_pat.2', (73.49165205726044, 51.6), 9.167683014429977, 2.1869845459936244, 2.6)]",-0.0867177491812523,0
"[((39.347920840351755, 48.4), 4.3974878486228945), ('f2_agg.0', (89.99626892932281, 51.6), 4.7896064091727775, 2.5410946727497485, 2.6), ('f2_pat.1', (15.554574135114997, 51.6), 10.668150963543415, 0.8684812886873239, 2.6), ('f2_pat.2', (72.55518795168624, 51.6), 9.364641055742151, 1.9695804131217365, 2.6)]",1.862705656915674,0
"[((39.804603313004186, 48.4), 4.566824726524319), ('f2_agg.0', (89.49170122319262, 51.6), 5.045677061301906, 2.560706521291287, 2.6), ('f2_pat.1', (14.492018166220376, 51.6), 10.625559688946199, -0.425912745972159, 2.6), ('f2_pat.2', (71.6038643784999, 51.6), 9.513235731863288, 1.4859467612113697, 2.6)]",2.6298727250277567,0
"[((40.28519371952051, 48.4), 4.805904065163206), ('f2_agg.0', (88.96483906364361, 51.6), 5.268621595490043, 2.2294453418813642, 2.6), ('f2_agg.1', (95.9, 51.6), 0.0, 0.0, 2.6), ('f2_pat.1', (13.435333978260033, 51.6), 10.56684187960342, -0.5871780934277915, 2.6), ('f2_pat.2', (70.63053109839007, 51.6), 9.73333280109834, 2.2009706923505234, 2.6)]",-0.28213543331771085,0
"[((40.76321925846121, 48.4), 4.780255389407051), ('f2_agg.0', (88.41585984603424, 51.6), 5.48979217609369, 2.211705806036477, 2.6), ('f2_agg.1', (95.87481358241307, 51.6), 0.2518641758693848, 2.518641758693848, 2.6), ('f2_pat.1', (12.374839110946382, 51.6), 10.604948673136498, 0.3810679353307833, 2.6), ('f2_pat.2', (69.63414368847994, 51.6), 9.963874099101275, 2.305412980029349, 2.6)]",-2.9189439664337495,0
"[((41.21470894316161, 48.4), 4.514896847003983), ('f2_agg.0', (87.84113931740978, 51.6), 5.747205286244646, 2.574131101509556, 2.6), ('f2_agg.1', (95.82510833270517, 51.6), 0.4970524970789845, 2.451883212095997, 2.6), ('f2_pat.1', (11.317303032389479, 51.6), 10.57536078556903, -0.29587887567467774, 2.6), ('f2_pat.2', (68.6166773484205, 51.6), 10.174663400594481, 2.1078930149320563, 2.6)]",1.4831551251284996,0
"[((41.67968185627227, 48.4), 4.649729131106573), ('f2_agg.0', (87.24178741352443, 51.6), 5.993519038853485, 2.4631375260883903, 2.6), ('f2_agg.1', (95.75279844083317, 51.6), 0.7230989187198988, 2.260464216409143, 2.6), ('f2_pat.1', (10.24869736170151, 51.6), 10.68605670687972, 1.1069592131068973, 2.6), ('f2_pat.2', (67.63446982401325, 51.6), 9.822075244072314, -3.525881565221667, 2.6)]",-0.6726171658476319,0
"[((42.13854006787522, 48.4), 4.5885821160295155), ('f2_agg.0', (86.61697819085022, 51.6), 6.248092226742084, 2.545731878885995, 2.6), ('f2_agg.1', (95.65506992049387, 51.6), 0.9772852033930697, 2.5418628467317084, 2.6), ('f2_pat.1', (9.190455086319119, 51.6), 10.582422753823886, -1.0363395305583367, 2.6), ('f2_pat.2', (66.69316705011583, 51.6), 9.41302773897423, -4.090475050980835, 2.6)]",0.392517436454888,0
"[((42.600966619809576, 48.4), 4.624265519343596), ('f2_agg.0', (85.97833333183173, 51.6), 6.386448590184811, 1.383563634427265, 2.6), ('f2_agg.1', (95.53155725812107, 51.6), 1.2351266237280574, 2.578414203349877, 2.6), ('f2_pat.1', (8.127657002394436, 51.6), 10.62798083924685, 0.45558085422964467, 2.6), ('f2_pat.2', (65.7968642762184, 51.6), 8.963027738974231, -4.499999999999993, 2.6)]",-1.7345163889670423,0
"[((43.04762484093514, 48.4), 4.466582211255683), ('f2_agg.0', (85.32287595220704, 51.6), 6.554573796246915, 1.6812520606210413, 2.6), ('f2_agg.1', (95.38591997425367, 51.6), 1.456372838673994, 2.2124621494593666, 2.6), ('f2_pat.1', (7.063195917878886, 51.6), 10.644610845155514, 0.16630005908663037, 2.6), ('f2_pat.2', (64.94556150232098, 51.6), 8.513027738974232, -4.499999999999993, 2.6)]",1.1173517761797642,0
"[((43.50444080548053, 48.4), 4.568159645453844), ('f2_agg.0', (84.64623563931352, 51.6), 6.766403128935273, 2.1182933268835757, 2.6), ('f2_agg.1', (95.22001879437701, 51.6), 1.6590117987664414, 2.026389600924474, 2.6), ('f2_pat.1', (6.003282042871355, 51.6), 10.599138750075328, -0.4547209508018568, 2.6), ('f2_pat.2', (64.13925872842356, 51.6), 8.063027738974233, -4.499999999999993, 2.6)]",-2.6054906144348577,0
"[((43.93757049171287, 48.4), 4.331296862323402), ('f2_agg.0', (83.94845451426187, 51.6), 6.977811250516462, 2.1140812158118916, 2.6), ('f2_agg.1', (95.03023005740748, 51.6), 1.8978873696954257, 2.3887557092898426, 2.6), ('f2_pat.1', (4.93488409432409, 51.6), 10.68397948547263, 0.8484073539730197, 2.6), ('f2_pat.2', (63.377955954526136, 51.6), 7.613027738974233, -4.500000000000002, 2.6)]",0.5514997576823681,0
"[((44.37571381210596, 48.4), 4.38143320393089), ('f2_agg.0', (83.2280379937879, 51.6), 7.204165204739912, 2.2635395422345006, 2.6), ('f2_agg.1', (94.81919152748202, 51.6), 2.110385299254503, 2.124979295590772, 2.6), ('f2_pat.1', (3.8721377001308284, 51.6), 10.627463941932621, -0.5651554354000865, 2.6), ('f2_pat.2', (62.66165318062871, 51.6), 7.1630277389742325, -4.500000000000002, 2.6)]",-0.02743031420844666,0
"[((44.81360776600624, 48.4), 4.378939539002849), ('f2_agg.0', (82.48481017858873, 51.6), 7.432278151991559, 2.281129472516472, 2.6), ('f2_agg.1', (94.58758792383684, 51.6), 2.3160360364518575, 2.056507371973546, 2.6), ('f2_pat.1', (2.8111870142963227, 51.6), 10.609506858345087, -0.17957083587534228, 2.6), ('f2_pat.2', (61.99035040673129, 51.6), 6.713027738974232, -4.500000000000002, 2.6)]",1.8491079729827984,0
"[((45.26831179238819, 48.4), 4.547040263819468), ('f2_agg.0', (81.72466832929933, 51.6), 7.601418492893936, 1.6914034090237706, 2.6), ('f2_agg.1', (94.3374379908434, 51.6), 2.501499329934445, 1.854632934825875, 2.6), ('f2_pat.1', (1.744153306391695, 51.6), 10.67033707904626, 0.6083022070117217, 2.6), ('f2_pat.2', (61.364047632833866, 51.6), 6.263027738974232, -4.500000000000002, 2.6)]",-1.0288463380545554,0
"[((45.71366267024237, 48.4), 4.453508778541781), ('f2_agg.0', (80.94662316854269, 51.6), 7.780451607566574, 1.7903311467263805, 2.6), ('f2_agg.1', (94.06272845430436, 51.6), 2.7470953653902646, 2.4559603545581954, 2.6), ('f2_pat.1', (0.6862951926697534, 51.6), 10.57858113721941, -0.9175594182684854, 2.6), ('f2_pat.2', (60.71174485893644, 51.6), 6.523027738974232, 2.599999999999998, 2.6)]",2.07404314017585,0
"[((46.17786848573451, 48.4), 4.642058154921403), ('f2_agg.0', (80.14299830058073, 51.6), 8.03624867961953, 2.55797072052955, 2.6), ('f2_agg.1', (93.76566453690488, 51.6), 2.970639173994855, 2.2354380860459067, 2.6), ('f2_pat.2', (60.03344208503902, 51.6), 6.783027738974232, 2.599999999999998, 2.6)]",-1.2857441633892999,0
"[((46.63038571792311, 48.4), 4.5251723218860125), ('f2_agg.0', (79.32584440851558, 51.6), 8.171538920651436, 1.3529024103190679, 2.6), ('f2_agg.1', (93.44534023208078, 51.6), 3.2032430482409797, 2.326038742461245, 2.6), ('f2_pat.2', (59.329139311141596, 51.6), 7.0430277389742315, 2.599999999999998, 2.6)]",0.8517056926364885,0
"[((47.09064572913568, 48.4), 4.602600112125693), ('f2_agg.0', (78.49281496709142, 51.6), 8.330294414241578, 1.587554935901423, 2.6), ('f2_agg.1', (93.10285154815195, 51.6), 3.4248868392883707, 2.2164379104739096, 2.6), ('f2_pat.2', (58.598836537244175, 51.6), 7.303027738974231, 2.599999999999998, 2.6)]",1.20360426398876,0
"[((47.5618475972936, 48.4), 4.712018681579217), ('f2_agg.0', (77.65628360065895, 51.6), 8.365313664324782, 0.35019250083204057, 2.6), ('f2_agg.1', (92.74292580121829, 51.6), 3.599257469336586, 1.7437063004821551, 2.6), ('f2_pat.2', (57.84253376334675, 51.6), 7.563027738974231, 2.599999999999998, 2.6)]",0.9583184299106073,0
"[((48.04176145117798, 48.4), 4.799138538843818), ('f2_agg.0', (76.81459183832551, 51.6), 8.4169176233343, 0.516039590095172, 2.6), ('f2_agg.1', (92.36354384307347, 51.6), 3.7938195814481848, 1.9456211211159857, 2.6), ('f2_pat.2', (57.07098517122948, 51.6), 7.715485921172692, 1.5245818219846097, 2.6)]",-0.4212082868733211,0
"[((48.517846138818065, 48.4), 4.760846876400788), ('f2_agg.0', (75.97094197668949, 51.6), 8.436498616360328, 0.19580993026028892, 2.6), ('f2_agg.1', (91.96208644567577, 51.6), 4.014573973977091, 2.207543925289066, 2.6), ('f2_pat.2', (56.274256574651474, 51.6), 7.9672859657800625, 2.518000446073705, 2.6)]",2.6606197963663725,0
"[((49.01811827915238, 48.4), 5.002721403343186), ('f2_agg.0', (75.1315674618695, 51.6), 8.39374514819981, -0.42753468160517727, 2.6), ('f2_agg.1', (91.53995153350542, 51.6), 4.221349121703385, 2.067751477262938, 2.6), ('f2_pat.2', (55.45801070115984, 51.6), 8.162458734916324, 1.951727691362617, 2.6)]",0.6614662369245918,0
"[((49.52440374891329, 48.4), 5.062854697609057), ('f2_agg.0', (74.29734542777588, 51.6), 8.34222034093618, -0.5152480726363073, 2.6), ('f2_agg.1', (91.09966687296014, 51.6), 4.402846605452793, 1.8149748374940788, 2.6), ('f2_pat.2', (54.620012163917075, 51.6), 8.379985372427653, 2.175266375113285, 2.6)]",1.9150032007108182,0
"[((50.04809833868065, 48.4), 5.236945897673677), ('f2_agg.0', (73.4551036750823, 51.6), 8.422417526935893, 0.8019718599971348, 2.6), ('f2_agg.1', (90.64210579650639, 51.6), 4.575610764537556, 1.7276415908476306, 2.6), ('f2_pat.2', (53.76477288460534, 51.6), 8.552392793117358, 1.7240742068970505, 2.6)]",-1.6369527673782005,0
"[((50.556911539653676, 48.4), 5.088132009730204), ('f2_agg.0', (72.61037029138399, 51.6), 8.447333836983159, 0.24916310047265355, 2.6), ('f2_agg.1', (90.17030364717253, 51.6), 4.718021493338598, 1.4241072880104166, 2.6), ('f2_pat.2', (52.88617813511472, 51.6), 8.785947494906175, 2.335547017888171, 2.6)]",0.7202912772679326,0
"[((51.07227284314732, 48.4), 5.15361303493638), ('f2_agg.0', (71.7672396616469, 51.6), 8.431306297370899, -0.1602753961226, 2.6), ('f2_agg.1', (89.68432486053489, 51.6), 4.859787866376424, 1.4176637303782602, 2.6), ('f2_pat.2', (51.99399425401201, 51.6), 8.921838811027152, 1.3589131612097738, 2.6)]",2.5375996369579967,0
"[((51.61070323424966, 48.4), 5.384303911023471), ('f2_agg.0', (70.92171079659155, 51.6), 8.455288650553408, 0.23982353182509186, 2.6), ('f2_agg.1', (89.1737810971338, 51.6), 5.105437634010882, 2.4564976763445845, 2.6), ('f2_agg.2', (95.9, 51.6), 0.0, 0.0, 2.6), ('f2_pat.2', (51.08712868944182, 51.6), 9.068655645701835, 1.4681683467468254, 2.6)]",-2.2223403695271475,0
"[((52.12893053108358, 48.4), 5.182272968339185), ('f2_agg.0', (70.0870064318234, 51.6), 8.347043647681563, -1.0824500287184513, 2.6), ('f2_agg.1', (88.64453088073252, 51.6), 5.292502164012835, 1.870645300019529, 2.6), ('f2_agg.2', (95.87511364709118, 51.6), 0.24886352908820847, 2.4886352908820846, 2.6), ('f2_pat.2', (50.156896628517295, 51.6), 9.30232060924525, 2.3366496354341493, 2.6)]",-1.3265877880776231,0
"[((52.635097938934976, 48.4), 5.0616740785139465), ('f2_agg.0', (69.24764739644979, 51.6), 8.393590353735924, 0.46546706054360953, 2.6), ('f2_agg.1', (88.09499523004396, 51.6), 5.495356506885577, 2.0285434287274207, 2.6), ('f2_agg.2', (95.82650170954315, 51.6), 0.4861193754803135, 2.3725584639210497, 2.6), ('f2_pat.2', (49.207557198698154, 51.6), 9.493394298191449, 1.9107368894619903, 2.6)]",-2.1565457084557393,0
"[((53.12166038580041, 48.4), 4.8656244686543335), ('f2_agg.0', (68.41133276711678, 51.6), 8.363146293330207, -0.3044406040571701, 2.6), ('f2_agg.1', (87.53090578390619, 51.6), 5.640894461377606, 1.4553795449202855, 2.6), ('f2_agg.2', (95.75336838800834, 51.6), 0.7313332153480768, 2.4521383986776333, 2.6), ('f2_pat.2', (48.24498218091866, 51.6), 9.625750177794869, 1.3235587960341988, 2.6)]",1.4574912040896981,0
"[((53.62147275270302, 48.4), 4.998123669026124), ('f2_agg.0', (67.57575864781208, 51.6), 8.355741193046994, -0.07405100283213173, 2.6), ('f2_agg.1', (86.94758517972774, 51.6), 5.833206041784573, 1.9231158040696705, 2.6), ('f2_agg.2', (95.65808859371609, 51.6), 0.9527979429225533, 2.214647275744764, 2.6), ('f2_pat.2', (47.26536089582552, 51.6), 9.796212850931367, 1.704626731364982, 2.6)]",-2.708898447210375,0
"[((54.09665877008554, 48.4), 4.751860173825181), ('f2_agg.0', (66.73254651677385, 51.6), 8.43212131038235, 0.7638011733535599, 2.6), ('f2_agg.1', (86.35114646144129, 51.6), 5.964387182864442, 1.3118114107986933, 2.6), ('f2_agg.2', (95.54080922672271, 51.6), 1.1727936699336334, 2.1999572701108017, 2.6), ('f2_pat.2', (46.27165213217549, 51.6), 9.937087636500397, 1.4087478556903044, 2.6)]",1.2173918239251478,0
"[((54.582911985867376, 48.4), 4.862532157818376), ('f2_agg.0', (65.89312738205766, 51.6), 8.394191347161973, -0.3792996322037645, 2.6), ('f2_agg.1', (85.7405324999944, 51.6), 6.1061396144689875, 1.4175243160454531, 2.6), ('f2_agg.2', (95.40066696655052, 51.6), 1.4014226017220586, 2.2862893178842514, 2.6), ('f2_pat.2', (45.252786297837474, 51.6), 10.188658343380117, 2.5157070687972016, 2.6)]",2.911376775361898,0
"[((55.09563226324342, 48.4), 5.1272027737603665), ('f2_agg.0', (65.05912494415604, 51.6), 8.3400243790161, -0.5416696814587318, 2.6), ('f2_agg.1', (85.1059546578912, 51.6), 6.345778421031858, 2.3963880656287095, 2.6), ('f2_agg.2', (95.24274690583724, 51.6), 1.5792006071327345, 1.777780054106759, 2.6), ('f2_pat.2', (44.21912678811707, 51.6), 10.336595097204004, 1.479367538238865, 2.6)]",-1.5123197886603117,0
"[((55.594604178904355, 48.4), 4.989719156609429), ('f2_agg.0', (64.2499618784494, 51.6), 8.091630657066371, -2.4839372194972853, 2.6), ('f2_agg.1', (84.44916267761639, 51.6), 6.5679198027482135, 2.221413817163551, 2.6), ('f2_agg.2', (95.06086813564322, 51.6), 1.8187877019402523, 2.3958709480751783, 2.6), ('f2_pat.2', (43.16611779447199, 51.6), 10.530089936450855, 1.9349483924685096, 2.6)]",1.0223363365006444,0
"[((56.10287006126076, 48.4), 5.082658823564033), ('f2_agg.0', (63.485798812742765, 51.6), 7.641630657066371, -4.500000000000002, 2.6), ('f2_agg.1', (83.77563839240995, 51.6), 6.735242852064396, 1.673230493161828, 2.6), ('f2_agg.2', (94.85356718290981, 51.6), 2.0730095273340527, 2.5422182539380045, 2.6), ('f2_pat.2', (42.092096316311356, 51.6), 10.740214781606369, 2.10124845155514, 2.6)]",0.9787344414610373,0
"[((56.62003352944863, 48.4), 5.171634681878673), ('f2_agg.0', (62.766635747036126, 51.6), 7.191630657066371, -4.500000000000002, 2.6), ('f2_agg.1', (83.07936802760355, 51.6), 6.962703648063901, 2.274607959995043, 2.6), ('f2_agg.2', (94.6231395286764, 51.6), 2.3042765423340716, 2.312670150000189, 2.6), ('f2_pat.2', (40.99266711262982, 51.6), 10.994292036815345, 2.540772552089763, 2.6)]",0.9083426333729232,0
"[((57.14545465793989, 48.4), 5.254211284912575), ('f2_agg.0', (62.09247268132949, 51.6), 6.741630657066371, -4.500000000000002, 2.6), ('f2_agg.1', (82.3609383542698, 51.6), 7.184296733337535, 2.2159308527363475, 2.6), ('f2_agg.2', (94.37067243564567, 51.6), 2.5246709303073653, 2.203943879732937, 2.6), ('f2_pat.2', (39.88924947810108, 51.6), 11.034176345287356, 0.398843084720113, 2.6)]",1.803387122069589,0
"[((57.687270214813594, 48.4), 5.418155568737083), ('f2_agg.0', (61.463309615622855, 51.6), 6.291630657066371, -4.500000000000002, 2.6), ('f2_agg.1', (81.62699302872375, 51.6), 7.339453255460678, 1.551565221231428, 2.6), ('f2_agg.2', (94.10062031171462, 51.6), 2.7005212393105102, 1.7585030900314491, 2.6), ('f2_pat.2', (38.78072088424201, 51.6), 11.085285938590765, 0.5110959330340847, 2.6)]",-0.07792667220968363,0
"[((58.228377347394485, 48.4), 5.41107132580893), ('f2_agg.0', (60.808146549916216, 51.6), 6.5516306570663705, 2.599999999999998, 2.6), ('f2_agg.1', (80.86972230976448, 51.6), 7.572707189592613, 2.3325393413193485, 2.6), ('f2_agg.2', (93.81068172991215, 51.6), 2.8993858180246392, 1.98864578714129, 2.6), ('f2_pat.2', (37.6752026346114, 51.6), 11.05518249630602, -0.30103442284744375, 2.6)]",2.359389444606294,0
"[((58.79093347492635, 48.4), 5.625561275318593), ('f2_agg.0', (60.12698348420958, 51.6), 6.81163065706637, 2.599999999999998, 2.6), ('f2_agg.1', (80.09474424621406, 51.6), 7.749780635504132, 1.770734459115193, 2.6), ('f2_agg.2', (93.49547112356666, 51.6), 3.1521060634548856, 2.527202454302464, 2.6), ('f2_pat.2', (36.56952566401181, 51.6), 11.056769705995919, 0.01587209689898117, 2.6)]",-1.1559290054238773,0
"[((59.34298115695435, 48.4), 5.5204768202800585), ('f2_agg.0', (59.419820418502944, 51.6), 7.07163065706637, 2.599999999999998, 2.6), ('f2_agg.1', (79.30076940825049, 51.6), 7.939748379635705, 1.8996774413157258, 2.6), ('f2_agg.2', (93.16260737752192, 51.6), 3.3286374604473905, 1.7653139699250486, 2.6), ('f2_pat.2', (35.47083859864967, 51.6), 10.986870653621388, -0.6989905237453087, 2.6)]",1.1815785642506569,0
"[((59.905770462293724, 48.4), 5.627893053393755), ('f2_agg.0', (58.68665735279631, 51.6), 7.33163065706637, 2.599999999999998, 2.6), ('f2_agg.1', (78.48741725397056, 51.6), 8.133521542799274, 1.9377316316356907, 2.6), ('f2_agg.2', (92.8141117101388, 51.6), 3.484956673831222, 1.5631921338383137, 2.6), ('f2_pat.2', (34.36948967241245, 51.6), 11.013489262372255, 0.26618608750867523, 2.6)]",-2.214922535496193,0
